franchise,franchise_transform,franchise_url
Marvel Cinematic Universe,Marvel-Cinematic-Universe,https://www.the-numbers.com/movies/franchise/Marvel-Cinematic-Universe#tab=summary
Star Wars,Star-Wars,https://www.the-numbers.com/movies/franchise/Star-Wars#tab=summary
James Bond,James-Bond,https://www.the-numbers.com/movies/franchise/James-Bond#tab=summary
Batman,Batman,https://www.the-numbers.com/movies/franchise/Batman#tab=summary
Spider-Man,Spider-Man,https://www.the-numbers.com/movies/franchise/Spider-Man#tab=summary
Harry Potter,Harry-Potter,https://www.the-numbers.com/movies/franchise/Harry-Potter#tab=summary
X-Men,X-Men,https://www.the-numbers.com/movies/franchise/X-Men#tab=summary
Jurassic Park,Jurassic-Park,https://www.the-numbers.com/movies/franchise/Jurassic-Park#tab=summary
DC Extended Universe,DC-Extended-Universe,https://www.the-numbers.com/movies/franchise/DC-Extended-Universe#tab=summary
Avengers,Avengers,https://www.the-numbers.com/movies/franchise/Avengers#tab=summary
Bambi,Bambi,https://www.the-numbers.com/movies/franchise/Bambi#tab=summary
Star Trek,Star-Trek,https://www.the-numbers.com/movies/franchise/Star-Trek#tab=summary
Peter Jacksons Lord of the Rings,Peter-Jacksons-Lord-of-the-Rings,https://www.the-numbers.com/movies/franchise/Peter-Jacksons-Lord-of-the-Rings#tab=summary
Fast and the Furious,Fast-and-the-Furious,https://www.the-numbers.com/movies/franchise/Fast-and-the-Furious#tab=summary
Indiana Jones,Indiana-Jones,https://www.the-numbers.com/movies/franchise/Indiana-Jones#tab=summary
Shrek,Shrek,https://www.the-numbers.com/movies/franchise/Shrek#tab=summary
Rocky,Rocky,https://www.the-numbers.com/movies/franchise/Rocky#tab=summary
Superman,Superman,https://www.the-numbers.com/movies/franchise/Superman#tab=summary
Transformers,Transformers,https://www.the-numbers.com/movies/franchise/Transformers#tab=summary
Despicable Me,Despicable-Me,https://www.the-numbers.com/movies/franchise/Despicable-Me#tab=summary
Pirates of the Caribbean,Pirates-of-the-Caribbean,https://www.the-numbers.com/movies/franchise/Pirates-of-the-Caribbean#tab=summary
Toy Story,Toy-Story,https://www.the-numbers.com/movies/franchise/Toy-Story#tab=summary
101 Dalmatians,101-Dalmatians,https://www.the-numbers.com/movies/franchise/101-Dalmatians#tab=summary
Hunger Games,Hunger-Games,https://www.the-numbers.com/movies/franchise/Hunger-Games#tab=summary
Jaws,Jaws,https://www.the-numbers.com/movies/franchise/Jaws#tab=summary
Mission Impossible,Mission-Impossible,https://www.the-numbers.com/movies/franchise/Mission-Impossible#tab=summary
Twilight,Twilight,https://www.the-numbers.com/movies/franchise/Twilight#tab=summary
Lion King The,Lion-King-The,https://www.the-numbers.com/movies/franchise/Lion-King-The#tab=summary
Planet of the Apes,Planet-of-the-Apes,https://www.the-numbers.com/movies/franchise/Planet-of-the-Apes#tab=summary
Avatar,Avatar,https://www.the-numbers.com/movies/franchise/Avatar#tab=summary
Dark Knight Trilogy,Dark-Knight-Trilogy,https://www.the-numbers.com/movies/franchise/Dark-Knight-Trilogy#tab=summary
Peter Pan,Peter-Pan,https://www.the-numbers.com/movies/franchise/Peter-Pan#tab=summary
King Kong,King-Kong,https://www.the-numbers.com/movies/franchise/King-Kong#tab=summary
Exorcist,Exorcist,https://www.the-numbers.com/movies/franchise/Exorcist#tab=summary
Lady and the Tramp,Lady-and-the-Tramp,https://www.the-numbers.com/movies/franchise/Lady-and-the-Tramp#tab=summary
Billy Jack,Billy-Jack,https://www.the-numbers.com/movies/franchise/Billy-Jack#tab=summary
Deadpool,Deadpool,https://www.the-numbers.com/movies/franchise/Deadpool#tab=summary
Ghostbusters,Ghostbusters,https://www.the-numbers.com/movies/franchise/Ghostbusters#tab=summary
Iron Man,Iron-Man,https://www.the-numbers.com/movies/franchise/Iron-Man#tab=summary
Wizard of Oz,Wizard-of-Oz,https://www.the-numbers.com/movies/franchise/Wizard-of-Oz#tab=summary
Mary Poppins,Mary-Poppins,https://www.the-numbers.com/movies/franchise/Mary-Poppins#tab=summary
Sonys Marvel Universe,Sonys-Marvel-Universe,https://www.the-numbers.com/movies/franchise/Sonys-Marvel-Universe#tab=summary
Godfather,Godfather,https://www.the-numbers.com/movies/franchise/Godfather#tab=summary
Wolverine,Wolverine,https://www.the-numbers.com/movies/franchise/Wolverine#tab=summary
Alien,Alien,https://www.the-numbers.com/movies/franchise/Alien#tab=summary
Black Panther,Black-Panther,https://www.the-numbers.com/movies/franchise/Black-Panther#tab=summary
Men in Black,Men-in-Black,https://www.the-numbers.com/movies/franchise/Men-in-Black#tab=summary
Terminator,Terminator,https://www.the-numbers.com/movies/franchise/Terminator#tab=summary
Finding Nemo,Finding-Nemo,https://www.the-numbers.com/movies/franchise/Finding-Nemo#tab=summary
Guardians of the Galaxy,Guardians-of-the-Galaxy,https://www.the-numbers.com/movies/franchise/Guardians-of-the-Galaxy#tab=summary
Beverly Hills Cop,Beverly-Hills-Cop,https://www.the-numbers.com/movies/franchise/Beverly-Hills-Cop#tab=summary
Home Alone,Home-Alone,https://www.the-numbers.com/movies/franchise/Home-Alone#tab=summary
Lethal Weapon,Lethal-Weapon,https://www.the-numbers.com/movies/franchise/Lethal-Weapon#tab=summary
Top Gun,Top-Gun,https://www.the-numbers.com/movies/franchise/Top-Gun#tab=summary
Thor,Thor,https://www.the-numbers.com/movies/franchise/Thor#tab=summary
Bourne,Bourne,https://www.the-numbers.com/movies/franchise/Bourne#tab=summary
Ice Age,Ice-Age,https://www.the-numbers.com/movies/franchise/Ice-Age#tab=summary
Teenage Mutant Ninja Turtles,Teenage-Mutant-Ninja-Turtles,https://www.the-numbers.com/movies/franchise/Teenage-Mutant-Ninja-Turtles#tab=summary
Father Chuck O Malley,Father-Chuck-O-Malley,https://www.the-numbers.com/movies/franchise/Father-Chuck-O-Malley#tab=summary
Cinderella,Cinderella,https://www.the-numbers.com/movies/franchise/Cinderella#tab=summary
Incredibles The,Incredibles-The,https://www.the-numbers.com/movies/franchise/Incredibles-The#tab=summary
Airport,Airport,https://www.the-numbers.com/movies/franchise/Airport#tab=summary
Minions,Minions,https://www.the-numbers.com/movies/franchise/Minions#tab=summary
Back to the Future,Back-to-the-Future,https://www.the-numbers.com/movies/franchise/Back-to-the-Future#tab=summary
Matrix,Matrix,https://www.the-numbers.com/movies/franchise/Matrix#tab=summary
Halloween,Halloween,https://www.the-numbers.com/movies/franchise/Halloween#tab=summary
Jumanji,Jumanji,https://www.the-numbers.com/movies/franchise/Jumanji#tab=summary
Jack Ryan,Jack-Ryan,https://www.the-numbers.com/movies/franchise/Jack-Ryan#tab=summary
Inside Out,Inside-Out,https://www.the-numbers.com/movies/franchise/Inside-Out#tab=summary
Captain America,Captain-America,https://www.the-numbers.com/movies/franchise/Captain-America#tab=summary
Godzilla,Godzilla,https://www.the-numbers.com/movies/franchise/Godzilla#tab=summary
Jungle Book,Jungle-Book,https://www.the-numbers.com/movies/franchise/Jungle-Book#tab=summary
Frozen,Frozen,https://www.the-numbers.com/movies/franchise/Frozen#tab=summary
Hobbit The,Hobbit-The,https://www.the-numbers.com/movies/franchise/Hobbit-The#tab=summary
Die Hard,Die-Hard,https://www.the-numbers.com/movies/franchise/Die-Hard#tab=summary
Pink Panther,Pink-Panther,https://www.the-numbers.com/movies/franchise/Pink-Panther#tab=summary
Mummy,Mummy,https://www.the-numbers.com/movies/franchise/Mummy#tab=summary
Dirty Harry,Dirty-Harry,https://www.the-numbers.com/movies/franchise/Dirty-Harry#tab=summary
Meet the Parents,Meet-the-Parents,https://www.the-numbers.com/movies/franchise/Meet-the-Parents#tab=summary
Friday the 13th,Friday-the-13th,https://www.the-numbers.com/movies/franchise/Friday-the-13th#tab=summary
Madagascar,Madagascar,https://www.the-numbers.com/movies/franchise/Madagascar#tab=summary
National Lampoon,National-Lampoon,https://www.the-numbers.com/movies/franchise/National-Lampoon#tab=summary
Karate Kid,Karate-Kid,https://www.the-numbers.com/movies/franchise/Karate-Kid#tab=summary
Sting The,Sting-The,https://www.the-numbers.com/movies/franchise/Sting-The#tab=summary
Conjuring The,Conjuring-The,https://www.the-numbers.com/movies/franchise/Conjuring-The#tab=summary
Rush Hour,Rush-Hour,https://www.the-numbers.com/movies/franchise/Rush-Hour#tab=summary
Austin Powers,Austin-Powers,https://www.the-numbers.com/movies/franchise/Austin-Powers#tab=summary
Around the World in 80 Days,Around-the-World-in-80-Days,https://www.the-numbers.com/movies/franchise/Around-the-World-in-80-Days#tab=summary
Alvin and the Chipmunks,Alvin-and-the-Chipmunks,https://www.the-numbers.com/movies/franchise/Alvin-and-the-Chipmunks#tab=summary
Madea Cinematic Universe,Madea-Cinematic-Universe,https://www.the-numbers.com/movies/franchise/Madea-Cinematic-Universe#tab=summary
Kung Fu Panda,Kung-Fu-Panda,https://www.the-numbers.com/movies/franchise/Kung-Fu-Panda#tab=summary
Oceans Eleven,Oceans-Eleven,https://www.the-numbers.com/movies/franchise/Oceans-Eleven#tab=summary
Muppets,Muppets,https://www.the-numbers.com/movies/franchise/Muppets#tab=summary
Scream,Scream,https://www.the-numbers.com/movies/franchise/Scream#tab=summary
Smokey and the Bandit,Smokey-and-the-Bandit,https://www.the-numbers.com/movies/franchise/Smokey-and-the-Bandit#tab=summary
MonsterVerse,MonsterVerse,https://www.the-numbers.com/movies/franchise/MonsterVerse#tab=summary
Hangover,Hangover,https://www.the-numbers.com/movies/franchise/Hangover#tab=summary
Saturday Night Fever,Saturday-Night-Fever,https://www.the-numbers.com/movies/franchise/Saturday-Night-Fever#tab=summary
Hannibal Lecter,Hannibal-Lecter,https://www.the-numbers.com/movies/franchise/Hannibal-Lecter#tab=summary
Monsters Inc,Monsters-Inc,https://www.the-numbers.com/movies/franchise/Monsters-Inc#tab=summary
Rambo,Rambo,https://www.the-numbers.com/movies/franchise/Rambo#tab=summary
Herbie,Herbie,https://www.the-numbers.com/movies/franchise/Herbie#tab=summary
Independence Day,Independence-Day,https://www.the-numbers.com/movies/franchise/Independence-Day#tab=summary
Twister,Twister,https://www.the-numbers.com/movies/franchise/Twister#tab=summary
Cars,Cars,https://www.the-numbers.com/movies/franchise/Cars#tab=summary
Bad Boys,Bad-Boys,https://www.the-numbers.com/movies/franchise/Bad-Boys#tab=summary
Chronicles of Narnia,Chronicles-of-Narnia,https://www.the-numbers.com/movies/franchise/Chronicles-of-Narnia#tab=summary
Grease,Grease,https://www.the-numbers.com/movies/franchise/Grease#tab=summary
Scary Movie,Scary-Movie,https://www.the-numbers.com/movies/franchise/Scary-Movie#tab=summary
Crocodile Dundee,Crocodile-Dundee,https://www.the-numbers.com/movies/franchise/Crocodile-Dundee#tab=summary
Nightmare on Elm Street,Nightmare-on-Elm-Street,https://www.the-numbers.com/movies/franchise/Nightmare-on-Elm-Street#tab=summary
Hulk,Hulk,https://www.the-numbers.com/movies/franchise/Hulk#tab=summary
Night at the Museum,Night-at-the-Museum,https://www.the-numbers.com/movies/franchise/Night-at-the-Museum#tab=summary
Fantasia,Fantasia,https://www.the-numbers.com/movies/franchise/Fantasia#tab=summary
Man of Steel,Man-of-Steel,https://www.the-numbers.com/movies/franchise/Man-of-Steel#tab=summary
Saw,Saw,https://www.the-numbers.com/movies/franchise/Saw#tab=summary
Santa Clause,Santa-Clause,https://www.the-numbers.com/movies/franchise/Santa-Clause#tab=summary
Butch Cassidy and the Sundance Kid,Butch-Cassidy-and-the-Sundance-Kid,https://www.the-numbers.com/movies/franchise/Butch-Cassidy-and-the-Sundance-Kid#tab=summary
Moana,Moana,https://www.the-numbers.com/movies/franchise/Moana#tab=summary
American Pie,American-Pie,https://www.the-numbers.com/movies/franchise/American-Pie#tab=summary
Lego,Lego,https://www.the-numbers.com/movies/franchise/Lego#tab=summary
American Graffiti,American-Graffiti,https://www.the-numbers.com/movies/franchise/American-Graffiti#tab=summary
How to Train Your Dragon,How-to-Train-Your-Dragon,https://www.the-numbers.com/movies/franchise/How-to-Train-Your-Dragon#tab=summary
National Lampoons Vacation,National-Lampoons-Vacation,https://www.the-numbers.com/movies/franchise/National-Lampoons-Vacation#tab=summary
Police Academy,Police-Academy,https://www.the-numbers.com/movies/franchise/Police-Academy#tab=summary
Doctor Strange,Doctor-Strange,https://www.the-numbers.com/movies/franchise/Doctor-Strange#tab=summary
Ant-Man,Ant-Man,https://www.the-numbers.com/movies/franchise/Ant-Man#tab=summary
Peyton Place,Peyton-Place,https://www.the-numbers.com/movies/franchise/Peyton-Place#tab=summary
Psycho,Psycho,https://www.the-numbers.com/movies/franchise/Psycho#tab=summary
Secret Life of Pets The,Secret-Life-of-Pets-The,https://www.the-numbers.com/movies/franchise/Secret-Life-of-Pets-The#tab=summary
It,It,https://www.the-numbers.com/movies/franchise/It#tab=summary
National Treasure,National-Treasure,https://www.the-numbers.com/movies/franchise/National-Treasure#tab=summary
Barbie,Barbie,https://www.the-numbers.com/movies/franchise/Barbie#tab=summary
Three Men and a Baby,Three-Men-and-a-Baby,https://www.the-numbers.com/movies/franchise/Three-Men-and-a-Baby#tab=summary
Mario,Mario,https://www.the-numbers.com/movies/franchise/Mario#tab=summary
Spy Kids,Spy-Kids,https://www.the-numbers.com/movies/franchise/Spy-Kids#tab=summary
Venom,Venom,https://www.the-numbers.com/movies/franchise/Venom#tab=summary
Hotel Transylvania,Hotel-Transylvania,https://www.the-numbers.com/movies/franchise/Hotel-Transylvania#tab=summary
Fugitive,Fugitive,https://www.the-numbers.com/movies/franchise/Fugitive#tab=summary
2001,2001,https://www.the-numbers.com/movies/franchise/2001#tab=summary
Sonic The Hedgehog,Sonic-The-Hedgehog,https://www.the-numbers.com/movies/franchise/Sonic-The-Hedgehog#tab=summary
Jackass,Jackass,https://www.the-numbers.com/movies/franchise/Jackass#tab=summary
Da Vinci Code,Da-Vinci-Code,https://www.the-numbers.com/movies/franchise/Da-Vinci-Code#tab=summary
Gremlins,Gremlins,https://www.the-numbers.com/movies/franchise/Gremlins#tab=summary
Poseidon Adventure The,Poseidon-Adventure-The,https://www.the-numbers.com/movies/franchise/Poseidon-Adventure-The#tab=summary
Bruce Almighty,Bruce-Almighty,https://www.the-numbers.com/movies/franchise/Bruce-Almighty#tab=summary
Charlie and the Chocolate Factory,Charlie-and-the-Chocolate-Factory,https://www.the-numbers.com/movies/franchise/Charlie-and-the-Chocolate-Factory#tab=summary
Captain Marvel,Captain-Marvel,https://www.the-numbers.com/movies/franchise/Captain-Marvel#tab=summary
Addams Family,Addams-Family,https://www.the-numbers.com/movies/franchise/Addams-Family#tab=summary
Little Mermaid The,Little-Mermaid-The,https://www.the-numbers.com/movies/franchise/Little-Mermaid-The#tab=summary
Porkys,Porkys,https://www.the-numbers.com/movies/franchise/Porkys#tab=summary
Fantastic Beasts and Where to Find Them,Fantastic-Beasts-and-Where-to-Find-Them,https://www.the-numbers.com/movies/franchise/Fantastic-Beasts-and-Where-to-Find-Them#tab=summary
Predator,Predator,https://www.the-numbers.com/movies/franchise/Predator#tab=summary
Naked Gun,Naked-Gun,https://www.the-numbers.com/movies/franchise/Naked-Gun#tab=summary
Nutty Professor,Nutty-Professor,https://www.the-numbers.com/movies/franchise/Nutty-Professor#tab=summary
John Wick,John-Wick,https://www.the-numbers.com/movies/franchise/John-Wick#tab=summary
Alice in Wonderland,Alice-in-Wonderland,https://www.the-numbers.com/movies/franchise/Alice-in-Wonderland#tab=summary
Paranormal Activity,Paranormal-Activity,https://www.the-numbers.com/movies/franchise/Paranormal-Activity#tab=summary
My Big Fat Greek Wedding,My-Big-Fat-Greek-Wedding,https://www.the-numbers.com/movies/franchise/My-Big-Fat-Greek-Wedding#tab=summary
Sherlock Holmes,Sherlock-Holmes,https://www.the-numbers.com/movies/franchise/Sherlock-Holmes#tab=summary
Wonder Woman,Wonder-Woman,https://www.the-numbers.com/movies/franchise/Wonder-Woman#tab=summary
Gladiator,Gladiator,https://www.the-numbers.com/movies/franchise/Gladiator#tab=summary
Doctor Dolittle,Doctor-Dolittle,https://www.the-numbers.com/movies/franchise/Doctor-Dolittle#tab=summary
Omen The,Omen-The,https://www.the-numbers.com/movies/franchise/Omen-The#tab=summary
Amityville,Amityville,https://www.the-numbers.com/movies/franchise/Amityville#tab=summary
Fantastic Four,Fantastic-Four,https://www.the-numbers.com/movies/franchise/Fantastic-Four#tab=summary
Look Whos Talking,Look-Whos-Talking,https://www.the-numbers.com/movies/franchise/Look-Whos-Talking#tab=summary
Aquaman,Aquaman,https://www.the-numbers.com/movies/franchise/Aquaman#tab=summary
Sister Act,Sister-Act,https://www.the-numbers.com/movies/franchise/Sister-Act#tab=summary
Taken,Taken,https://www.the-numbers.com/movies/franchise/Taken#tab=summary
Honey I Shrunk the Kids,Honey-I-Shrunk-the-Kids,https://www.the-numbers.com/movies/franchise/Honey-I-Shrunk-the-Kids#tab=summary
Sing,Sing,https://www.the-numbers.com/movies/franchise/Sing#tab=summary
Mad Max,Mad-Max,https://www.the-numbers.com/movies/franchise/Mad-Max#tab=summary
Beetlejuice,Beetlejuice,https://www.the-numbers.com/movies/franchise/Beetlejuice#tab=summary
Wreck-It-Ralph,Wreck-It-Ralph,https://www.the-numbers.com/movies/franchise/Wreck-It-Ralph#tab=summary
Dune,Dune,https://www.the-numbers.com/movies/franchise/Dune#tab=summary
Dumb and Dumber,Dumb-and-Dumber,https://www.the-numbers.com/movies/franchise/Dumb-and-Dumber#tab=summary
Unbreakable,Unbreakable,https://www.the-numbers.com/movies/franchise/Unbreakable#tab=summary
Guns of Navarone,Guns-of-Navarone,https://www.the-numbers.com/movies/franchise/Guns-of-Navarone#tab=summary
Pokemon,Pokemon,https://www.the-numbers.com/movies/franchise/Pokemon#tab=summary
Wicked,Wicked,https://www.the-numbers.com/movies/franchise/Wicked#tab=summary
300,300,https://www.the-numbers.com/movies/franchise/300#tab=summary
48 Hrs.,48-Hrs.,https://www.the-numbers.com/movies/franchise/48-Hrs.#tab=summary
Fifty Shades of Grey,Fifty-Shades-of-Grey,https://www.the-numbers.com/movies/franchise/Fifty-Shades-of-Grey#tab=summary
Ace Ventura,Ace-Ventura,https://www.the-numbers.com/movies/franchise/Ace-Ventura#tab=summary
Beauty and the Beast,Beauty-and-the-Beast,https://www.the-numbers.com/movies/franchise/Beauty-and-the-Beast#tab=summary
Joker,Joker,https://www.the-numbers.com/movies/franchise/Joker#tab=summary
Maleficent,Maleficent,https://www.the-numbers.com/movies/franchise/Maleficent#tab=summary
Charlies Angels,Charlies-Angels,https://www.the-numbers.com/movies/franchise/Charlies-Angels#tab=summary
Pitch Perfect,Pitch-Perfect,https://www.the-numbers.com/movies/franchise/Pitch-Perfect#tab=summary
Divergent Series The,Divergent-Series-The,https://www.the-numbers.com/movies/franchise/Divergent-Series-The#tab=summary
Texas Chainsaw Massacre,Texas-Chainsaw-Massacre,https://www.the-numbers.com/movies/franchise/Texas-Chainsaw-Massacre#tab=summary
Romancing the Stone,Romancing-the-Stone,https://www.the-numbers.com/movies/franchise/Romancing-the-Stone#tab=summary
Waynes World,Waynes-World,https://www.the-numbers.com/movies/franchise/Waynes-World#tab=summary
21 Jump Street,21-Jump-Street,https://www.the-numbers.com/movies/franchise/21-Jump-Street#tab=summary
Lara Croft,Lara-Croft,https://www.the-numbers.com/movies/franchise/Lara-Croft#tab=summary
Speed,Speed,https://www.the-numbers.com/movies/franchise/Speed#tab=summary
Final Destination,Final-Destination,https://www.the-numbers.com/movies/franchise/Final-Destination#tab=summary
Scooby-Doo,Scooby-Doo,https://www.the-numbers.com/movies/franchise/Scooby-Doo#tab=summary
City Slickers,City-Slickers,https://www.the-numbers.com/movies/franchise/City-Slickers#tab=summary
Resident Evil,Resident-Evil,https://www.the-numbers.com/movies/franchise/Resident-Evil#tab=summary
Poltergeist,Poltergeist,https://www.the-numbers.com/movies/franchise/Poltergeist#tab=summary
Creed,Creed,https://www.the-numbers.com/movies/franchise/Creed#tab=summary
Zootopia,Zootopia,https://www.the-numbers.com/movies/franchise/Zootopia#tab=summary
Airplane,Airplane,https://www.the-numbers.com/movies/franchise/Airplane#tab=summary
Father of the Bride,Father-of-the-Bride,https://www.the-numbers.com/movies/franchise/Father-of-the-Bride#tab=summary
Flintstones,Flintstones,https://www.the-numbers.com/movies/franchise/Flintstones#tab=summary
Insidious,Insidious,https://www.the-numbers.com/movies/franchise/Insidious#tab=summary
Happy Feet,Happy-Feet,https://www.the-numbers.com/movies/franchise/Happy-Feet#tab=summary
Stuart Little,Stuart-Little,https://www.the-numbers.com/movies/franchise/Stuart-Little#tab=summary
Odd Couple,Odd-Couple,https://www.the-numbers.com/movies/franchise/Odd-Couple#tab=summary
G I Joe,G-I-Joe,https://www.the-numbers.com/movies/franchise/G-I-Joe#tab=summary
Purge The,Purge-The,https://www.the-numbers.com/movies/franchise/Purge-The#tab=summary
Blade,Blade,https://www.the-numbers.com/movies/franchise/Blade#tab=summary
Big Mommas House,Big-Mommas-House,https://www.the-numbers.com/movies/franchise/Big-Mommas-House#tab=summary
Ring,Ring,https://www.the-numbers.com/movies/franchise/Ring#tab=summary
Ted,Ted,https://www.the-numbers.com/movies/franchise/Ted#tab=summary
Grown Ups,Grown-Ups,https://www.the-numbers.com/movies/franchise/Grown-Ups#tab=summary
I Am Legend,I-Am-Legend,https://www.the-numbers.com/movies/franchise/I-Am-Legend#tab=summary
Puss in Boots,Puss-in-Boots,https://www.the-numbers.com/movies/franchise/Puss-in-Boots#tab=summary
Terms of Endearment,Terms-of-Endearment,https://www.the-numbers.com/movies/franchise/Terms-of-Endearment#tab=summary
Cheaper by the Dozen,Cheaper-by-the-Dozen,https://www.the-numbers.com/movies/franchise/Cheaper-by-the-Dozen#tab=summary
Underworld,Underworld,https://www.the-numbers.com/movies/franchise/Underworld#tab=summary
Blair Witch Project,Blair-Witch-Project,https://www.the-numbers.com/movies/franchise/Blair-Witch-Project#tab=summary
Oh God,Oh-God,https://www.the-numbers.com/movies/franchise/Oh-God#tab=summary
Princess Diaries,Princess-Diaries,https://www.the-numbers.com/movies/franchise/Princess-Diaries#tab=summary
RoboCop,RoboCop,https://www.the-numbers.com/movies/franchise/RoboCop#tab=summary
Rio,Rio,https://www.the-numbers.com/movies/franchise/Rio#tab=summary
Benji,Benji,https://www.the-numbers.com/movies/franchise/Benji#tab=summary
xXx,xXx,https://www.the-numbers.com/movies/franchise/xXx#tab=summary
SpongeBob SquarePants,SpongeBob-SquarePants,https://www.the-numbers.com/movies/franchise/SpongeBob-SquarePants#tab=summary
Grumpy Old Men,Grumpy-Old-Men,https://www.the-numbers.com/movies/franchise/Grumpy-Old-Men#tab=summary
Sex and the City,Sex-and-the-City,https://www.the-numbers.com/movies/franchise/Sex-and-the-City#tab=summary
Mamma Mia,Mamma-Mia,https://www.the-numbers.com/movies/franchise/Mamma-Mia#tab=summary
Arthur,Arthur,https://www.the-numbers.com/movies/franchise/Arthur#tab=summary
Equalizer The,Equalizer-The,https://www.the-numbers.com/movies/franchise/Equalizer-The#tab=summary
Legally Blonde,Legally-Blonde,https://www.the-numbers.com/movies/franchise/Legally-Blonde#tab=summary
Mask,Mask,https://www.the-numbers.com/movies/franchise/Mask#tab=summary
Hancock,Hancock,https://www.the-numbers.com/movies/franchise/Hancock#tab=summary
Smurfs The,Smurfs-The,https://www.the-numbers.com/movies/franchise/Smurfs-The#tab=summary
Under Siege,Under-Siege,https://www.the-numbers.com/movies/franchise/Under-Siege#tab=summary
Cloudy with a Chance of Meatballs,Cloudy-with-a-Chance-of-Meatballs,https://www.the-numbers.com/movies/franchise/Cloudy-with-a-Chance-of-Meatballs#tab=summary
Clash of the Titans,Clash-of-the-Titans,https://www.the-numbers.com/movies/franchise/Clash-of-the-Titans#tab=summary
Coming to America,Coming-to-America,https://www.the-numbers.com/movies/franchise/Coming-to-America#tab=summary
Color Purple The,Color-Purple-The,https://www.the-numbers.com/movies/franchise/Color-Purple-The#tab=summary
Bad News Bears,Bad-News-Bears,https://www.the-numbers.com/movies/franchise/Bad-News-Bears#tab=summary
Tron,Tron,https://www.the-numbers.com/movies/franchise/Tron#tab=summary
French Connection,French-Connection,https://www.the-numbers.com/movies/franchise/French-Connection#tab=summary
Childs Play,Childs-Play,https://www.the-numbers.com/movies/franchise/Childs-Play#tab=summary
Expendables The,Expendables-The,https://www.the-numbers.com/movies/franchise/Expendables-The#tab=summary
Kingsman,Kingsman,https://www.the-numbers.com/movies/franchise/Kingsman#tab=summary
Elf,Elf,https://www.the-numbers.com/movies/franchise/Elf#tab=summary
Cannonball Run,Cannonball-Run,https://www.the-numbers.com/movies/franchise/Cannonball-Run#tab=summary
Annabelle,Annabelle,https://www.the-numbers.com/movies/franchise/Annabelle#tab=summary
Barbershop,Barbershop,https://www.the-numbers.com/movies/franchise/Barbershop#tab=summary
Step Up,Step-Up,https://www.the-numbers.com/movies/franchise/Step-Up#tab=summary
Easy Rider,Easy-Rider,https://www.the-numbers.com/movies/franchise/Easy-Rider#tab=summary
Basic Instinct,Basic-Instinct,https://www.the-numbers.com/movies/franchise/Basic-Instinct#tab=summary
Daddys Home,Daddys-Home,https://www.the-numbers.com/movies/franchise/Daddys-Home#tab=summary
Anchorman,Anchorman,https://www.the-numbers.com/movies/franchise/Anchorman#tab=summary
Croods The,Croods-The,https://www.the-numbers.com/movies/franchise/Croods-The#tab=summary
Shaft,Shaft,https://www.the-numbers.com/movies/franchise/Shaft#tab=summary
Maze Runner The,Maze-Runner-The,https://www.the-numbers.com/movies/franchise/Maze-Runner-The#tab=summary
Mighty Ducks,Mighty-Ducks,https://www.the-numbers.com/movies/franchise/Mighty-Ducks#tab=summary
Mortal Kombat,Mortal-Kombat,https://www.the-numbers.com/movies/franchise/Mortal-Kombat#tab=summary
Paul Blart Mall Cop,Paul-Blart-Mall-Cop,https://www.the-numbers.com/movies/franchise/Paul-Blart-Mall-Cop#tab=summary
Trolls,Trolls,https://www.the-numbers.com/movies/franchise/Trolls#tab=summary
Space Jam,Space-Jam,https://www.the-numbers.com/movies/franchise/Space-Jam#tab=summary
Journey to the Center of the Earth,Journey-to-the-Center-of-the-Earth,https://www.the-numbers.com/movies/franchise/Journey-to-the-Center-of-the-Earth#tab=summary
Zorro,Zorro,https://www.the-numbers.com/movies/franchise/Zorro#tab=summary
Has Fallen,Has-Fallen,https://www.the-numbers.com/movies/franchise/Has-Fallen#tab=summary
Ride Along,Ride-Along,https://www.the-numbers.com/movies/franchise/Ride-Along#tab=summary
Miss Congeniality,Miss-Congeniality,https://www.the-numbers.com/movies/franchise/Miss-Congeniality#tab=summary
Simpsons The,Simpsons-The,https://www.the-numbers.com/movies/franchise/Simpsons-The#tab=summary
Analyze This,Analyze-This,https://www.the-numbers.com/movies/franchise/Analyze-This#tab=summary
Beethoven,Beethoven,https://www.the-numbers.com/movies/franchise/Beethoven#tab=summary
Free Willy,Free-Willy,https://www.the-numbers.com/movies/franchise/Free-Willy#tab=summary
Cocoon,Cocoon,https://www.the-numbers.com/movies/franchise/Cocoon#tab=summary
Grudge,Grudge,https://www.the-numbers.com/movies/franchise/Grudge#tab=summary
True Grit,True-Grit,https://www.the-numbers.com/movies/franchise/True-Grit#tab=summary
Mulan,Mulan,https://www.the-numbers.com/movies/franchise/Mulan#tab=summary
Hot Shots,Hot-Shots,https://www.the-numbers.com/movies/franchise/Hot-Shots#tab=summary
Get Shorty,Get-Shorty,https://www.the-numbers.com/movies/franchise/Get-Shorty#tab=summary
Boss Baby The,Boss-Baby-The,https://www.the-numbers.com/movies/franchise/Boss-Baby-The#tab=summary
Lilo and Stitch,Lilo-and-Stitch,https://www.the-numbers.com/movies/franchise/Lilo-and-Stitch#tab=summary
Snow White and the Huntsman,Snow-White-and-the-Huntsman,https://www.the-numbers.com/movies/franchise/Snow-White-and-the-Huntsman#tab=summary
Flint,Flint,https://www.the-numbers.com/movies/franchise/Flint#tab=summary
Eddie Felson,Eddie-Felson,https://www.the-numbers.com/movies/franchise/Eddie-Felson#tab=summary
Garfield,Garfield,https://www.the-numbers.com/movies/franchise/Garfield#tab=summary
Neighbors,Neighbors,https://www.the-numbers.com/movies/franchise/Neighbors#tab=summary
Magic Mike,Magic-Mike,https://www.the-numbers.com/movies/franchise/Magic-Mike#tab=summary
Pet Sematary,Pet-Sematary,https://www.the-numbers.com/movies/franchise/Pet-Sematary#tab=summary
Thomas Crown Affair,Thomas-Crown-Affair,https://www.the-numbers.com/movies/franchise/Thomas-Crown-Affair#tab=summary
Blues Brothers,Blues-Brothers,https://www.the-numbers.com/movies/franchise/Blues-Brothers#tab=summary
I Know What You Did Last Summer,I-Know-What-You-Did-Last-Summer,https://www.the-numbers.com/movies/franchise/I-Know-What-You-Did-Last-Summer#tab=summary
Dumbo,Dumbo,https://www.the-numbers.com/movies/franchise/Dumbo#tab=summary
Death Wish,Death-Wish,https://www.the-numbers.com/movies/franchise/Death-Wish#tab=summary
Meg The,Meg-The,https://www.the-numbers.com/movies/franchise/Meg-The#tab=summary
Conan,Conan,https://www.the-numbers.com/movies/franchise/Conan#tab=summary
Red Curtain Trilogy The,Red-Curtain-Trilogy-The,https://www.the-numbers.com/movies/franchise/Red-Curtain-Trilogy-The#tab=summary
Ghost Rider,Ghost-Rider,https://www.the-numbers.com/movies/franchise/Ghost-Rider#tab=summary
Diary of a Wimpy Kid,Diary-of-a-Wimpy-Kid,https://www.the-numbers.com/movies/franchise/Diary-of-a-Wimpy-Kid#tab=summary
Crouching Tiger Hidden Dragon,Crouching-Tiger-Hidden-Dragon,https://www.the-numbers.com/movies/franchise/Crouching-Tiger-Hidden-Dragon#tab=summary
Hunchback of Notre Dame The,Hunchback-of-Notre-Dame-The,https://www.the-numbers.com/movies/franchise/Hunchback-of-Notre-Dame-The#tab=summary
Friday,Friday,https://www.the-numbers.com/movies/franchise/Friday#tab=summary
Hellboy,Hellboy,https://www.the-numbers.com/movies/franchise/Hellboy#tab=summary
Ernest,Ernest,https://www.the-numbers.com/movies/franchise/Ernest#tab=summary
Kill Bill,Kill-Bill,https://www.the-numbers.com/movies/franchise/Kill-Bill#tab=summary
Cats and Dogs,Cats-and-Dogs,https://www.the-numbers.com/movies/franchise/Cats-and-Dogs#tab=summary
Now You See Me,Now-You-See-Me,https://www.the-numbers.com/movies/franchise/Now-You-See-Me#tab=summary
Bridget Jones,Bridget-Jones,https://www.the-numbers.com/movies/franchise/Bridget-Jones#tab=summary
Riddick,Riddick,https://www.the-numbers.com/movies/franchise/Riddick#tab=summary
Kindergarten Cop,Kindergarten-Cop,https://www.the-numbers.com/movies/franchise/Kindergarten-Cop#tab=summary
Purple Rain,Purple-Rain,https://www.the-numbers.com/movies/franchise/Purple-Rain#tab=summary
Stakeout,Stakeout,https://www.the-numbers.com/movies/franchise/Stakeout#tab=summary
Fletch,Fletch,https://www.the-numbers.com/movies/franchise/Fletch#tab=summary
Horrible Bosses,Horrible-Bosses,https://www.the-numbers.com/movies/franchise/Horrible-Bosses#tab=summary
Young Guns,Young-Guns,https://www.the-numbers.com/movies/franchise/Young-Guns#tab=summary
Bad Moms,Bad-Moms,https://www.the-numbers.com/movies/franchise/Bad-Moms#tab=summary
Nun The,Nun-The,https://www.the-numbers.com/movies/franchise/Nun-The#tab=summary
X-Files,X-Files,https://www.the-numbers.com/movies/franchise/X-Files#tab=summary
Blade Runner,Blade-Runner,https://www.the-numbers.com/movies/franchise/Blade-Runner#tab=summary
Major League,Major-League,https://www.the-numbers.com/movies/franchise/Major-League#tab=summary
Shazam,Shazam,https://www.the-numbers.com/movies/franchise/Shazam#tab=summary
Shanghai Noon,Shanghai-Noon,https://www.the-numbers.com/movies/franchise/Shanghai-Noon#tab=summary
Are We There Yet?,Are-We-There-Yet?,https://www.the-numbers.com/movies/franchise/Are-We-There-Yet?#tab=summary
Shining The,Shining-The,https://www.the-numbers.com/movies/franchise/Shining-The#tab=summary
Kenneth Branagh s Hercule Poirot,Kenneth-Branagh-s-Hercule-Poirot,https://www.the-numbers.com/movies/franchise/Kenneth-Branagh-s-Hercule-Poirot#tab=summary
Marley and Me,Marley-and-Me,https://www.the-numbers.com/movies/franchise/Marley-and-Me#tab=summary
Percy Jackson,Percy-Jackson,https://www.the-numbers.com/movies/franchise/Percy-Jackson#tab=summary
Heat The,Heat-The,https://www.the-numbers.com/movies/franchise/Heat-The#tab=summary
Borat,Borat,https://www.the-numbers.com/movies/franchise/Borat#tab=summary
Untouchables,Untouchables,https://www.the-numbers.com/movies/franchise/Untouchables#tab=summary
Cloverfield,Cloverfield,https://www.the-numbers.com/movies/franchise/Cloverfield#tab=summary
Knives Out,Knives-Out,https://www.the-numbers.com/movies/franchise/Knives-Out#tab=summary
Think Like a Man,Think-Like-a-Man,https://www.the-numbers.com/movies/franchise/Think-Like-a-Man#tab=summary
Anaconda,Anaconda,https://www.the-numbers.com/movies/franchise/Anaconda#tab=summary
View Askewniverse,View-Askewniverse,https://www.the-numbers.com/movies/franchise/View-Askewniverse#tab=summary
Meatballs,Meatballs,https://www.the-numbers.com/movies/franchise/Meatballs#tab=summary
Daddy Day Care,Daddy-Day-Care,https://www.the-numbers.com/movies/franchise/Daddy-Day-Care#tab=summary
Crazy Rich Asians,Crazy-Rich-Asians,https://www.the-numbers.com/movies/franchise/Crazy-Rich-Asians#tab=summary
Pacific Rim,Pacific-Rim,https://www.the-numbers.com/movies/franchise/Pacific-Rim#tab=summary
AVP,AVP,https://www.the-numbers.com/movies/franchise/AVP#tab=summary
Megamind,Megamind,https://www.the-numbers.com/movies/franchise/Megamind#tab=summary
Problem Child,Problem-Child,https://www.the-numbers.com/movies/franchise/Problem-Child#tab=summary
Backdraft,Backdraft,https://www.the-numbers.com/movies/franchise/Backdraft#tab=summary
Babe,Babe,https://www.the-numbers.com/movies/franchise/Babe#tab=summary
Dirty Dancing,Dirty-Dancing,https://www.the-numbers.com/movies/franchise/Dirty-Dancing#tab=summary
Dodgeball,Dodgeball,https://www.the-numbers.com/movies/franchise/Dodgeball#tab=summary
Planes,Planes,https://www.the-numbers.com/movies/franchise/Planes#tab=summary
Blue Lagoon The,Blue-Lagoon-The,https://www.the-numbers.com/movies/franchise/Blue-Lagoon-The#tab=summary
Power Rangers,Power-Rangers,https://www.the-numbers.com/movies/franchise/Power-Rangers#tab=summary
Black Stallion,Black-Stallion,https://www.the-numbers.com/movies/franchise/Black-Stallion#tab=summary
Zombieland,Zombieland,https://www.the-numbers.com/movies/franchise/Zombieland#tab=summary
RED,RED,https://www.the-numbers.com/movies/franchise/RED#tab=summary
Evil Dead,Evil-Dead,https://www.the-numbers.com/movies/franchise/Evil-Dead#tab=summary
Revenge of the Nerds,Revenge-of-the-Nerds,https://www.the-numbers.com/movies/franchise/Revenge-of-the-Nerds#tab=summary
Species,Species,https://www.the-numbers.com/movies/franchise/Species#tab=summary
My Girl,My-Girl,https://www.the-numbers.com/movies/franchise/My-Girl#tab=summary
Wall Street,Wall-Street,https://www.the-numbers.com/movies/franchise/Wall-Street#tab=summary
Caddyshack,Caddyshack,https://www.the-numbers.com/movies/franchise/Caddyshack#tab=summary
American Tail,American-Tail,https://www.the-numbers.com/movies/franchise/American-Tail#tab=summary
Homeward Bound,Homeward-Bound,https://www.the-numbers.com/movies/franchise/Homeward-Bound#tab=summary
Fish Called Wanda A,Fish-Called-Wanda-A,https://www.the-numbers.com/movies/franchise/Fish-Called-Wanda-A#tab=summary
Transporter,Transporter,https://www.the-numbers.com/movies/franchise/Transporter#tab=summary
Gnomeo and Juliet,Gnomeo-and-Juliet,https://www.the-numbers.com/movies/franchise/Gnomeo-and-Juliet#tab=summary
American Werewolf,American-Werewolf,https://www.the-numbers.com/movies/franchise/American-Werewolf#tab=summary
Angry Birds,Angry-Birds,https://www.the-numbers.com/movies/franchise/Angry-Birds#tab=summary
Jack Reacher,Jack-Reacher,https://www.the-numbers.com/movies/franchise/Jack-Reacher#tab=summary
Peter Rabbit,Peter-Rabbit,https://www.the-numbers.com/movies/franchise/Peter-Rabbit#tab=summary
Smile,Smile,https://www.the-numbers.com/movies/franchise/Smile#tab=summary
Crow,Crow,https://www.the-numbers.com/movies/franchise/Crow#tab=summary
Flatliners,Flatliners,https://www.the-numbers.com/movies/franchise/Flatliners#tab=summary
Emperors New Groove The,Emperors-New-Groove-The,https://www.the-numbers.com/movies/franchise/Emperors-New-Groove-The#tab=summary
Peanuts,Peanuts,https://www.the-numbers.com/movies/franchise/Peanuts#tab=summary
Deuce Bigelow,Deuce-Bigelow,https://www.the-numbers.com/movies/franchise/Deuce-Bigelow#tab=summary
Short Circuit,Short-Circuit,https://www.the-numbers.com/movies/franchise/Short-Circuit#tab=summary
Breakin,Breakin,https://www.the-numbers.com/movies/franchise/Breakin#tab=summary
The Fox and the Hound,The-Fox-and-the-Hound,https://www.the-numbers.com/movies/franchise/The-Fox-and-the-Hound#tab=summary
Dark Universe,Dark-Universe,https://www.the-numbers.com/movies/franchise/Dark-Universe#tab=summary
El Mariachi,El-Mariachi,https://www.the-numbers.com/movies/franchise/El-Mariachi#tab=summary
Carrie,Carrie,https://www.the-numbers.com/movies/franchise/Carrie#tab=summary
Why Did I Get Married,Why-Did-I-Get-Married,https://www.the-numbers.com/movies/franchise/Why-Did-I-Get-Married#tab=summary
Scorpion King,Scorpion-King,https://www.the-numbers.com/movies/franchise/Scorpion-King#tab=summary
House Party,House-Party,https://www.the-numbers.com/movies/franchise/House-Party#tab=summary
Brady Bunch,Brady-Bunch,https://www.the-numbers.com/movies/franchise/Brady-Bunch#tab=summary
Ripley,Ripley,https://www.the-numbers.com/movies/franchise/Ripley#tab=summary
Best Man The,Best-Man-The,https://www.the-numbers.com/movies/franchise/Best-Man-The#tab=summary
Candyman,Candyman,https://www.the-numbers.com/movies/franchise/Candyman#tab=summary
Wonder,Wonder,https://www.the-numbers.com/movies/franchise/Wonder#tab=summary
Pee Wee,Pee-Wee,https://www.the-numbers.com/movies/franchise/Pee-Wee#tab=summary
Winnie the Pooh,Winnie-the-Pooh,https://www.the-numbers.com/movies/franchise/Winnie-the-Pooh#tab=summary
Fly,Fly,https://www.the-numbers.com/movies/franchise/Fly#tab=summary
Escape from New York,Escape-from-New-York,https://www.the-numbers.com/movies/franchise/Escape-from-New-York#tab=summary
Downton Abbey,Downton-Abbey,https://www.the-numbers.com/movies/franchise/Downton-Abbey#tab=summary
Chinatown,Chinatown,https://www.the-numbers.com/movies/franchise/Chinatown#tab=summary
Bean,Bean,https://www.the-numbers.com/movies/franchise/Bean#tab=summary
Unbroken,Unbroken,https://www.the-numbers.com/movies/franchise/Unbroken#tab=summary
Goosebumps,Goosebumps,https://www.the-numbers.com/movies/franchise/Goosebumps#tab=summary
Millennium (English),Millennium-(English),https://www.the-numbers.com/movies/franchise/Millennium-(English)#tab=summary
Deep Blue Sea,Deep-Blue-Sea,https://www.the-numbers.com/movies/franchise/Deep-Blue-Sea#tab=summary
Dolphin Tale,Dolphin-Tale,https://www.the-numbers.com/movies/franchise/Dolphin-Tale#tab=summary
Brother Bear,Brother-Bear,https://www.the-numbers.com/movies/franchise/Brother-Bear#tab=summary
Mean Girls,Mean-Girls,https://www.the-numbers.com/movies/franchise/Mean-Girls#tab=summary
Jingle All the Way,Jingle-All-the-Way,https://www.the-numbers.com/movies/franchise/Jingle-All-the-Way#tab=summary
Paddington,Paddington,https://www.the-numbers.com/movies/franchise/Paddington#tab=summary
Hollow Man,Hollow-Man,https://www.the-numbers.com/movies/franchise/Hollow-Man#tab=summary
Dont Breathe,Dont-Breathe,https://www.the-numbers.com/movies/franchise/Dont-Breathe#tab=summary
Strangers The,Strangers-The,https://www.the-numbers.com/movies/franchise/Strangers-The#tab=summary
Whole Nine Yards,Whole-Nine-Yards,https://www.the-numbers.com/movies/franchise/Whole-Nine-Yards#tab=summary
Sin City,Sin-City,https://www.the-numbers.com/movies/franchise/Sin-City#tab=summary
Beverly Hills Chihuahua,Beverly-Hills-Chihuahua,https://www.the-numbers.com/movies/franchise/Beverly-Hills-Chihuahua#tab=summary
Jeepers Creepers,Jeepers-Creepers,https://www.the-numbers.com/movies/franchise/Jeepers-Creepers#tab=summary
Open Season,Open-Season,https://www.the-numbers.com/movies/franchise/Open-Season#tab=summary
Last Picture Show,Last-Picture-Show,https://www.the-numbers.com/movies/franchise/Last-Picture-Show#tab=summary
Un homme et une femme,Un-homme-et-une-femme,https://www.the-numbers.com/movies/franchise/Un-homme-et-une-femme#tab=summary
Five Nights at Freddys,Five-Nights-at-Freddys,https://www.the-numbers.com/movies/franchise/Five-Nights-at-Freddys#tab=summary
Road Trip,Road-Trip,https://www.the-numbers.com/movies/franchise/Road-Trip#tab=summary
Bring It On,Bring-It-On,https://www.the-numbers.com/movies/franchise/Bring-It-On#tab=summary
High School Musical,High-School-Musical,https://www.the-numbers.com/movies/franchise/High-School-Musical#tab=summary
Bad Grandpa,Bad-Grandpa,https://www.the-numbers.com/movies/franchise/Bad-Grandpa#tab=summary
Dukes of Hazzard,Dukes-of-Hazzard,https://www.the-numbers.com/movies/franchise/Dukes-of-Hazzard#tab=summary
Edge of Tomorrow,Edge-of-Tomorrow,https://www.the-numbers.com/movies/franchise/Edge-of-Tomorrow#tab=summary
Sisterhood of the Traveling Pants,Sisterhood-of-the-Traveling-Pants,https://www.the-numbers.com/movies/franchise/Sisterhood-of-the-Traveling-Pants#tab=summary
Hitmans Bodguard The,Hitmans-Bodguard-The,https://www.the-numbers.com/movies/franchise/Hitmans-Bodguard-The#tab=summary
Urban Legend,Urban-Legend,https://www.the-numbers.com/movies/franchise/Urban-Legend#tab=summary
Bad Santa,Bad-Santa,https://www.the-numbers.com/movies/franchise/Bad-Santa#tab=summary
Starship Troopers,Starship-Troopers,https://www.the-numbers.com/movies/franchise/Starship-Troopers#tab=summary
Land Before Time The,Land-Before-Time-The,https://www.the-numbers.com/movies/franchise/Land-Before-Time-The#tab=summary
Hellraiser,Hellraiser,https://www.the-numbers.com/movies/franchise/Hellraiser#tab=summary
Agent Cody Banks,Agent-Cody-Banks,https://www.the-numbers.com/movies/franchise/Agent-Cody-Banks#tab=summary
28 Days Later,28-Days-Later,https://www.the-numbers.com/movies/franchise/28-Days-Later#tab=summary
Dragonheart,Dragonheart,https://www.the-numbers.com/movies/franchise/Dragonheart#tab=summary
Dollar Trilogy,Dollar-Trilogy,https://www.the-numbers.com/movies/franchise/Dollar-Trilogy#tab=summary
Teen Wolf,Teen-Wolf,https://www.the-numbers.com/movies/franchise/Teen-Wolf#tab=summary
Zoolander,Zoolander,https://www.the-numbers.com/movies/franchise/Zoolander#tab=summary
Missing in Action,Missing-in-Action,https://www.the-numbers.com/movies/franchise/Missing-in-Action#tab=summary
Rocketeer The,Rocketeer-The,https://www.the-numbers.com/movies/franchise/Rocketeer-The#tab=summary
Sicario,Sicario,https://www.the-numbers.com/movies/franchise/Sicario#tab=summary
Nut Job The,Nut-Job-The,https://www.the-numbers.com/movies/franchise/Nut-Job-The#tab=summary
Timecop,Timecop,https://www.the-numbers.com/movies/franchise/Timecop#tab=summary
Nanny McPhee,Nanny-McPhee,https://www.the-numbers.com/movies/franchise/Nanny-McPhee#tab=summary
Gods Not Dead,Gods-Not-Dead,https://www.the-numbers.com/movies/franchise/Gods-Not-Dead#tab=summary
Universal Soldier,Universal-Soldier,https://www.the-numbers.com/movies/franchise/Universal-Soldier#tab=summary
Weekend at Bernies,Weekend-at-Bernies,https://www.the-numbers.com/movies/franchise/Weekend-at-Bernies#tab=summary
FX,FX,https://www.the-numbers.com/movies/franchise/FX#tab=summary
Mannequin,Mannequin,https://www.the-numbers.com/movies/franchise/Mannequin#tab=summary
Highlander,Highlander,https://www.the-numbers.com/movies/franchise/Highlander#tab=summary
Creepshow,Creepshow,https://www.the-numbers.com/movies/franchise/Creepshow#tab=summary
White Fang,White-Fang,https://www.the-numbers.com/movies/franchise/White-Fang#tab=summary
NeverEnding Story,NeverEnding-Story,https://www.the-numbers.com/movies/franchise/NeverEnding-Story#tab=summary
Behind Enemy Lines,Behind-Enemy-Lines,https://www.the-numbers.com/movies/franchise/Behind-Enemy-Lines#tab=summary
I Can Only Imagine,I-Can-Only-Imagine,https://www.the-numbers.com/movies/franchise/I-Can-Only-Imagine#tab=summary
Ouija,Ouija,https://www.the-numbers.com/movies/franchise/Ouija#tab=summary
Man from Snowy River,Man-from-Snowy-River,https://www.the-numbers.com/movies/franchise/Man-from-Snowy-River#tab=summary
3 Ninjas,3-Ninjas,https://www.the-numbers.com/movies/franchise/3-Ninjas#tab=summary
Woman in Black The,Woman-in-Black-The,https://www.the-numbers.com/movies/franchise/Woman-in-Black-The#tab=summary
Gods Must Be Crazy,Gods-Must-Be-Crazy,https://www.the-numbers.com/movies/franchise/Gods-Must-Be-Crazy#tab=summary
Paw Patrol,Paw-Patrol,https://www.the-numbers.com/movies/franchise/Paw-Patrol#tab=summary
Accountant The,Accountant-The,https://www.the-numbers.com/movies/franchise/Accountant-The#tab=summary
Hostel,Hostel,https://www.the-numbers.com/movies/franchise/Hostel#tab=summary
Jarhead ,Jarhead,https://www.the-numbers.com/movies/franchise/Jarhead#tab=summary
Tintin,Tintin,https://www.the-numbers.com/movies/franchise/Tintin#tab=summary
Best Exotic Marigold Hotel,Best-Exotic-Marigold-Hotel,https://www.the-numbers.com/movies/franchise/Best-Exotic-Marigold-Hotel#tab=summary
Dogs Purpose A,Dogs-Purpose-A,https://www.the-numbers.com/movies/franchise/Dogs-Purpose-A#tab=summary
Kick-Ass,Kick-Ass,https://www.the-numbers.com/movies/franchise/Kick-Ass#tab=summary
Iron Eagle,Iron-Eagle,https://www.the-numbers.com/movies/franchise/Iron-Eagle#tab=summary
Hills Have Eyes,Hills-Have-Eyes,https://www.the-numbers.com/movies/franchise/Hills-Have-Eyes#tab=summary
Silent Hill,Silent-Hill,https://www.the-numbers.com/movies/franchise/Silent-Hill#tab=summary
Without a Paddle,Without-a-Paddle,https://www.the-numbers.com/movies/franchise/Without-a-Paddle#tab=summary
Butterfly Effect,Butterfly-Effect,https://www.the-numbers.com/movies/franchise/Butterfly-Effect#tab=summary
Happy Death Day,Happy-Death-Day,https://www.the-numbers.com/movies/franchise/Happy-Death-Day#tab=summary
Care Bears,Care-Bears,https://www.the-numbers.com/movies/franchise/Care-Bears#tab=summary
Bad Guys The,Bad-Guys-The,https://www.the-numbers.com/movies/franchise/Bad-Guys-The#tab=summary
Street Fighter,Street-Fighter,https://www.the-numbers.com/movies/franchise/Street-Fighter#tab=summary
Book Club,Book-Club,https://www.the-numbers.com/movies/franchise/Book-Club#tab=summary
Benchwarmers,Benchwarmers,https://www.the-numbers.com/movies/franchise/Benchwarmers#tab=summary
Hoodwinked,Hoodwinked,https://www.the-numbers.com/movies/franchise/Hoodwinked#tab=summary
Wallace and Gromit,Wallace-and-Gromit,https://www.the-numbers.com/movies/franchise/Wallace-and-Gromit#tab=summary
Curious George,Curious-George,https://www.the-numbers.com/movies/franchise/Curious-George#tab=summary
Three Flavours Cornetto Trilogy,Three-Flavours-Cornetto-Trilogy,https://www.the-numbers.com/movies/franchise/Three-Flavours-Cornetto-Trilogy#tab=summary
Stomp the Yard,Stomp-the-Yard,https://www.the-numbers.com/movies/franchise/Stomp-the-Yard#tab=summary
Carlitos Way,Carlitos-Way,https://www.the-numbers.com/movies/franchise/Carlitos-Way#tab=summary
M3GAN,M3GAN,https://www.the-numbers.com/movies/franchise/M3GAN#tab=summary
Willard,Willard,https://www.the-numbers.com/movies/franchise/Willard#tab=summary
Monty Python,Monty-Python,https://www.the-numbers.com/movies/franchise/Monty-Python#tab=summary
White Noise,White-Noise,https://www.the-numbers.com/movies/franchise/White-Noise#tab=summary
Happy Gilmore,Happy-Gilmore,https://www.the-numbers.com/movies/franchise/Happy-Gilmore#tab=summary
Escape Room,Escape-Room,https://www.the-numbers.com/movies/franchise/Escape-Room#tab=summary
Elizabeth,Elizabeth,https://www.the-numbers.com/movies/franchise/Elizabeth#tab=summary
Black Phone The,Black-Phone-The,https://www.the-numbers.com/movies/franchise/Black-Phone-The#tab=summary
Surf s Up,Surf-s-Up,https://www.the-numbers.com/movies/franchise/Surf-s-Up#tab=summary
All Dogs Go To Heaven,All-Dogs-Go-To-Heaven,https://www.the-numbers.com/movies/franchise/All-Dogs-Go-To-Heaven#tab=summary
Hitman Agent 47,Hitman-Agent-47,https://www.the-numbers.com/movies/franchise/Hitman-Agent-47#tab=summary
Lost Boys,Lost-Boys,https://www.the-numbers.com/movies/franchise/Lost-Boys#tab=summary
George A. Romeros Dead Series,George-A.-Romeros-Dead-Series,https://www.the-numbers.com/movies/franchise/George-A.-Romeros-Dead-Series#tab=summary
Cinderella Story A,Cinderella-Story-A,https://www.the-numbers.com/movies/franchise/Cinderella-Story-A#tab=summary
Lawnmower Man,Lawnmower-Man,https://www.the-numbers.com/movies/franchise/Lawnmower-Man#tab=summary
Den of Thieves,Den-of-Thieves,https://www.the-numbers.com/movies/franchise/Den-of-Thieves#tab=summary
Captain Underpants,Captain-Underpants,https://www.the-numbers.com/movies/franchise/Captain-Underpants#tab=summary
Big Fat Liar,Big-Fat-Liar,https://www.the-numbers.com/movies/franchise/Big-Fat-Liar#tab=summary
Demon Slayer Kimetsu no Yaiba,Demon-Slayer-Kimetsu-no-Yaiba,https://www.the-numbers.com/movies/franchise/Demon-Slayer-Kimetsu-no-Yaiba#tab=summary
Demon Slayer,Demon-Slayer,https://www.the-numbers.com/movies/franchise/Demon-Slayer#tab=summary
House on Haunted Hill,House-on-Haunted-Hill,https://www.the-numbers.com/movies/franchise/House-on-Haunted-Hill#tab=summary
Hot Tub Time Machine,Hot-Tub-Time-Machine,https://www.the-numbers.com/movies/franchise/Hot-Tub-Time-Machine#tab=summary
The Sandlot,The-Sandlot,https://www.the-numbers.com/movies/franchise/The-Sandlot#tab=summary
Air Bud,Air-Bud,https://www.the-numbers.com/movies/franchise/Air-Bud#tab=summary
Darkman,Darkman,https://www.the-numbers.com/movies/franchise/Darkman#tab=summary
House,House,https://www.the-numbers.com/movies/franchise/House#tab=summary
Fright Night,Fright-Night,https://www.the-numbers.com/movies/franchise/Fright-Night#tab=summary
Cop and a Half,Cop-and-a-Half,https://www.the-numbers.com/movies/franchise/Cop-and-a-Half#tab=summary
Haunting in Connecticut,Haunting-in-Connecticut,https://www.the-numbers.com/movies/franchise/Haunting-in-Connecticut#tab=summary
47 Meters Down,47-Meters-Down,https://www.the-numbers.com/movies/franchise/47-Meters-Down#tab=summary
Dragon Ball,Dragon-Ball,https://www.the-numbers.com/movies/franchise/Dragon-Ball#tab=summary
Boogeyman,Boogeyman,https://www.the-numbers.com/movies/franchise/Boogeyman#tab=summary
Last Exorcism The,Last-Exorcism-The,https://www.the-numbers.com/movies/franchise/Last-Exorcism-The#tab=summary
Haunted House A,Haunted-House-A,https://www.the-numbers.com/movies/franchise/Haunted-House-A#tab=summary
Blue Crush,Blue-Crush,https://www.the-numbers.com/movies/franchise/Blue-Crush#tab=summary
Thing The,Thing-The,https://www.the-numbers.com/movies/franchise/Thing-The#tab=summary
Baby Geniuses,Baby-Geniuses,https://www.the-numbers.com/movies/franchise/Baby-Geniuses#tab=summary
Angel,Angel,https://www.the-numbers.com/movies/franchise/Angel#tab=summary
Nims Island,Nims-Island,https://www.the-numbers.com/movies/franchise/Nims-Island#tab=summary
Super Troopers,Super-Troopers,https://www.the-numbers.com/movies/franchise/Super-Troopers#tab=summary
Punisher,Punisher,https://www.the-numbers.com/movies/franchise/Punisher#tab=summary
Howling The,Howling-The,https://www.the-numbers.com/movies/franchise/Howling-The#tab=summary
You Got Served,You-Got-Served,https://www.the-numbers.com/movies/franchise/You-Got-Served#tab=summary
Wild Things,Wild-Things,https://www.the-numbers.com/movies/franchise/Wild-Things#tab=summary
Return of the Living Dead,Return-of-the-Living-Dead,https://www.the-numbers.com/movies/franchise/Return-of-the-Living-Dead#tab=summary
Lake Placid,Lake-Placid,https://www.the-numbers.com/movies/franchise/Lake-Placid#tab=summary
Viva Pedro Box,Viva-Pedro-Box,https://www.the-numbers.com/movies/franchise/Viva-Pedro-Box#tab=summary
VeggieTales,VeggieTales,https://www.the-numbers.com/movies/franchise/VeggieTales#tab=summary
Johnny English,Johnny-English,https://www.the-numbers.com/movies/franchise/Johnny-English#tab=summary
Mechanic The,Mechanic-The,https://www.the-numbers.com/movies/franchise/Mechanic-The#tab=summary
Tales from the Crypt,Tales-from-the-Crypt,https://www.the-numbers.com/movies/franchise/Tales-from-the-Crypt#tab=summary
Terrifier,Terrifier,https://www.the-numbers.com/movies/franchise/Terrifier#tab=summary
Crank,Crank,https://www.the-numbers.com/movies/franchise/Crank#tab=summary
Children of the Corn,Children-of-the-Corn,https://www.the-numbers.com/movies/franchise/Children-of-the-Corn#tab=summary
Delta Force,Delta-Force,https://www.the-numbers.com/movies/franchise/Delta-Force#tab=summary
Searching,Searching,https://www.the-numbers.com/movies/franchise/Searching#tab=summary
30 Days of Night,30-Days-of-Night,https://www.the-numbers.com/movies/franchise/30-Days-of-Night#tab=summary
Prom Night,Prom-Night,https://www.the-numbers.com/movies/franchise/Prom-Night#tab=summary
Chosen The,Chosen-The,https://www.the-numbers.com/movies/franchise/Chosen-The#tab=summary
The Art of War,The-Art-of-War,https://www.the-numbers.com/movies/franchise/The-Art-of-War#tab=summary
Mimic,Mimic,https://www.the-numbers.com/movies/franchise/Mimic#tab=summary
Ninja,Ninja,https://www.the-numbers.com/movies/franchise/Ninja#tab=summary
Boy The,Boy-The,https://www.the-numbers.com/movies/franchise/Boy-The#tab=summary
Tom and Jerry,Tom-and-Jerry,https://www.the-numbers.com/movies/franchise/Tom-and-Jerry#tab=summary
Allan Quatermain,Allan-Quatermain,https://www.the-numbers.com/movies/franchise/Allan-Quatermain#tab=summary
Smokin Aces,Smokin-Aces,https://www.the-numbers.com/movies/franchise/Smokin-Aces#tab=summary
Good Burger,Good-Burger,https://www.the-numbers.com/movies/franchise/Good-Burger#tab=summary
Max,Max,https://www.the-numbers.com/movies/franchise/Max#tab=summary
Death Race,Death-Race,https://www.the-numbers.com/movies/franchise/Death-Race#tab=summary
Johnson Family,Johnson-Family,https://www.the-numbers.com/movies/franchise/Johnson-Family#tab=summary
Honey,Honey,https://www.the-numbers.com/movies/franchise/Honey#tab=summary
Open Water,Open-Water,https://www.the-numbers.com/movies/franchise/Open-Water#tab=summary
Clerks,Clerks,https://www.the-numbers.com/movies/franchise/Clerks#tab=summary
Unfriended,Unfriended,https://www.the-numbers.com/movies/franchise/Unfriended#tab=summary
Joe Dirt,Joe-Dirt,https://www.the-numbers.com/movies/franchise/Joe-Dirt#tab=summary
House of 1000 Corpses,House-of-1000-Corpses,https://www.the-numbers.com/movies/franchise/House-of-1000-Corpses#tab=summary
Gettysburg,Gettysburg,https://www.the-numbers.com/movies/franchise/Gettysburg#tab=summary
47 Ronin,47-Ronin,https://www.the-numbers.com/movies/franchise/47-Ronin#tab=summary
Quarantine,Quarantine,https://www.the-numbers.com/movies/franchise/Quarantine#tab=summary
Cirque du Soleil,Cirque-du-Soleil,https://www.the-numbers.com/movies/franchise/Cirque-du-Soleil#tab=summary
Machete,Machete,https://www.the-numbers.com/movies/franchise/Machete#tab=summary
Van Wilder,Van-Wilder,https://www.the-numbers.com/movies/franchise/Van-Wilder#tab=summary
American Ninja,American-Ninja,https://www.the-numbers.com/movies/franchise/American-Ninja#tab=summary
Critters,Critters,https://www.the-numbers.com/movies/franchise/Critters#tab=summary
Mirrors,Mirrors,https://www.the-numbers.com/movies/franchise/Mirrors#tab=summary
Space Chimps,Space-Chimps,https://www.the-numbers.com/movies/franchise/Space-Chimps#tab=summary
R I P D,R-I-P-D,https://www.the-numbers.com/movies/franchise/R-I-P-D#tab=summary
An Inconvenient Truth,An-Inconvenient-Truth,https://www.the-numbers.com/movies/franchise/An-Inconvenient-Truth#tab=summary
Prancer,Prancer,https://www.the-numbers.com/movies/franchise/Prancer#tab=summary
Trainspotting,Trainspotting,https://www.the-numbers.com/movies/franchise/Trainspotting#tab=summary
Tremors,Tremors,https://www.the-numbers.com/movies/franchise/Tremors#tab=summary
Kickboxer,Kickboxer,https://www.the-numbers.com/movies/franchise/Kickboxer#tab=summary
Joy Ride,Joy-Ride,https://www.the-numbers.com/movies/franchise/Joy-Ride#tab=summary
Big Lebowski,Big-Lebowski,https://www.the-numbers.com/movies/franchise/Big-Lebowski#tab=summary
Beastmaster,Beastmaster,https://www.the-numbers.com/movies/franchise/Beastmaster#tab=summary
Gate,Gate,https://www.the-numbers.com/movies/franchise/Gate#tab=summary
Wind River,Wind-River,https://www.the-numbers.com/movies/franchise/Wind-River#tab=summary
Half Baked,Half-Baked,https://www.the-numbers.com/movies/franchise/Half-Baked#tab=summary
Street Kings,Street-Kings,https://www.the-numbers.com/movies/franchise/Street-Kings#tab=summary
Pure Country,Pure-Country,https://www.the-numbers.com/movies/franchise/Pure-Country#tab=summary
Omega Code,Omega-Code,https://www.the-numbers.com/movies/franchise/Omega-Code#tab=summary
Cabin Fever,Cabin-Fever,https://www.the-numbers.com/movies/franchise/Cabin-Fever#tab=summary
My Hero Academia,My-Hero-Academia,https://www.the-numbers.com/movies/franchise/My-Hero-Academia#tab=summary
Millenium,Millenium,https://www.the-numbers.com/movies/franchise/Millenium#tab=summary
Never Back Down,Never-Back-Down,https://www.the-numbers.com/movies/franchise/Never-Back-Down#tab=summary
X (Mia Goth),X-(Mia-Goth),https://www.the-numbers.com/movies/franchise/X-(Mia-Goth)#tab=summary
Piranha,Piranha,https://www.the-numbers.com/movies/franchise/Piranha#tab=summary
Flicka,Flicka,https://www.the-numbers.com/movies/franchise/Flicka#tab=summary
Center Stage,Center-Stage,https://www.the-numbers.com/movies/franchise/Center-Stage#tab=summary
Alpha and Omega,Alpha-and-Omega,https://www.the-numbers.com/movies/franchise/Alpha-and-Omega#tab=summary
Before Sunrise,Before-Sunrise,https://www.the-numbers.com/movies/franchise/Before-Sunrise#tab=summary
Pulse,Pulse,https://www.the-numbers.com/movies/franchise/Pulse#tab=summary
Escape Plan,Escape-Plan,https://www.the-numbers.com/movies/franchise/Escape-Plan#tab=summary
Warlock,Warlock,https://www.the-numbers.com/movies/franchise/Warlock#tab=summary
Bloodsport,Bloodsport,https://www.the-numbers.com/movies/franchise/Bloodsport#tab=summary
Hercules,Hercules,https://www.the-numbers.com/movies/franchise/Hercules#tab=summary
Plane   ,Plane,https://www.the-numbers.com/movies/franchise/Plane#tab=summary
Exterminator,Exterminator,https://www.the-numbers.com/movies/franchise/Exterminator#tab=summary
Thanksgiving,Thanksgiving,https://www.the-numbers.com/movies/franchise/Thanksgiving#tab=summary
Baahubali,Baahubali,https://www.the-numbers.com/movies/franchise/Baahubali#tab=summary
Marine The,Marine-The,https://www.the-numbers.com/movies/franchise/Marine-The#tab=summary
Vacancy,Vacancy,https://www.the-numbers.com/movies/franchise/Vacancy#tab=summary
Wild Orchid,Wild-Orchid,https://www.the-numbers.com/movies/franchise/Wild-Orchid#tab=summary
Skyline,Skyline,https://www.the-numbers.com/movies/franchise/Skyline#tab=summary
Nobody,Nobody,https://www.the-numbers.com/movies/franchise/Nobody#tab=summary
Tales From the Hood,Tales-From-the-Hood,https://www.the-numbers.com/movies/franchise/Tales-From-the-Hood#tab=summary
Class of 1984,Class-of-1984,https://www.the-numbers.com/movies/franchise/Class-of-1984#tab=summary
Wrong Turn,Wrong-Turn,https://www.the-numbers.com/movies/franchise/Wrong-Turn#tab=summary
Far From Home,Far-From-Home,https://www.the-numbers.com/movies/franchise/Far-From-Home#tab=summary
Leprechaun,Leprechaun,https://www.the-numbers.com/movies/franchise/Leprechaun#tab=summary
Waiting,Waiting,https://www.the-numbers.com/movies/franchise/Waiting#tab=summary
Wolf Creek,Wolf-Creek,https://www.the-numbers.com/movies/franchise/Wolf-Creek#tab=summary
American Girl,American-Girl,https://www.the-numbers.com/movies/franchise/American-Girl#tab=summary
Philadelphia Experiment,Philadelphia-Experiment,https://www.the-numbers.com/movies/franchise/Philadelphia-Experiment#tab=summary
No Manches Frida,No-Manches-Frida,https://www.the-numbers.com/movies/franchise/No-Manches-Frida#tab=summary
Les Boys,Les-Boys,https://www.the-numbers.com/movies/franchise/Les-Boys#tab=summary
Happily Never After,Happily-Never-After,https://www.the-numbers.com/movies/franchise/Happily-Never-After#tab=summary
Shaun the Sheep,Shaun-the-Sheep,https://www.the-numbers.com/movies/franchise/Shaun-the-Sheep#tab=summary
See No Evil,See-No-Evil,https://www.the-numbers.com/movies/franchise/See-No-Evil#tab=summary
Arthur and the Minimoys,Arthur-and-the-Minimoys,https://www.the-numbers.com/movies/franchise/Arthur-and-the-Minimoys#tab=summary
Smoke,Smoke,https://www.the-numbers.com/movies/franchise/Smoke#tab=summary
Undisputed,Undisputed,https://www.the-numbers.com/movies/franchise/Undisputed#tab=summary
Left Behind,Left-Behind,https://www.the-numbers.com/movies/franchise/Left-Behind#tab=summary
Belly,Belly,https://www.the-numbers.com/movies/franchise/Belly#tab=summary
Norm of the North,Norm-of-the-North,https://www.the-numbers.com/movies/franchise/Norm-of-the-North#tab=summary
Man With The Iron Fists The,Man-With-The-Iron-Fists-The,https://www.the-numbers.com/movies/franchise/Man-With-The-Iron-Fists-The#tab=summary
After,After,https://www.the-numbers.com/movies/franchise/After#tab=summary
Best of the Best,Best-of-the-Best,https://www.the-numbers.com/movies/franchise/Best-of-the-Best#tab=summary
Collector The,Collector-The,https://www.the-numbers.com/movies/franchise/Collector-The#tab=summary
Molly Hartley,Molly-Hartley,https://www.the-numbers.com/movies/franchise/Molly-Hartley#tab=summary
Tom yum goong,Tom-yum-goong,https://www.the-numbers.com/movies/franchise/Tom-yum-goong#tab=summary
What the Bleep,What-the-Bleep,https://www.the-numbers.com/movies/franchise/What-the-Bleep#tab=summary
Trois Couleurs,Trois-Couleurs,https://www.the-numbers.com/movies/franchise/Trois-Couleurs#tab=summary
12 Rounds,12-Rounds,https://www.the-numbers.com/movies/franchise/12-Rounds#tab=summary
Fortress,Fortress,https://www.the-numbers.com/movies/franchise/Fortress#tab=summary
Eddie and the Cruisers,Eddie-and-the-Cruisers,https://www.the-numbers.com/movies/franchise/Eddie-and-the-Cruisers#tab=summary
Dhoom,Dhoom,https://www.the-numbers.com/movies/franchise/Dhoom#tab=summary
C H U D,C-H-U-D,https://www.the-numbers.com/movies/franchise/C-H-U-D#tab=summary
Buena Vista Social Club,Buena-Vista-Social-Club,https://www.the-numbers.com/movies/franchise/Buena-Vista-Social-Club#tab=summary
Boondock Saints,Boondock-Saints,https://www.the-numbers.com/movies/franchise/Boondock-Saints#tab=summary
Jean de Florette,Jean-de-Florette,https://www.the-numbers.com/movies/franchise/Jean-de-Florette#tab=summary
City of God,City-of-God,https://www.the-numbers.com/movies/franchise/City-of-God#tab=summary
BTS,BTS,https://www.the-numbers.com/movies/franchise/BTS#tab=summary
Trailer Park Boys,Trailer-Park-Boys,https://www.the-numbers.com/movies/franchise/Trailer-Park-Boys#tab=summary
Troll,Troll,https://www.the-numbers.com/movies/franchise/Troll#tab=summary
Pushpa,Pushpa,https://www.the-numbers.com/movies/franchise/Pushpa#tab=summary
Atlas Shrugged,Atlas-Shrugged,https://www.the-numbers.com/movies/franchise/Atlas-Shrugged#tab=summary
Wandering Earth The,Wandering-Earth-The,https://www.the-numbers.com/movies/franchise/Wandering-Earth-The#tab=summary
Condemned The,Condemned-The,https://www.the-numbers.com/movies/franchise/Condemned-The#tab=summary
Fire Earth Water,Fire-Earth-Water,https://www.the-numbers.com/movies/franchise/Fire-Earth-Water#tab=summary
Work and the Glory,Work-and-the-Glory,https://www.the-numbers.com/movies/franchise/Work-and-the-Glory#tab=summary
Other Side of Heaven The,Other-Side-of-Heaven-The,https://www.the-numbers.com/movies/franchise/Other-Side-of-Heaven-The#tab=summary
Dragon Ball Z,Dragon-Ball-Z,https://www.the-numbers.com/movies/franchise/Dragon-Ball-Z#tab=summary
Ladron que roba a ladron,Ladron-que-roba-a-ladron,https://www.the-numbers.com/movies/franchise/Ladron-que-roba-a-ladron#tab=summary
Belle de Jour,Belle-de-Jour,https://www.the-numbers.com/movies/franchise/Belle-de-Jour#tab=summary
Cities of Love,Cities-of-Love,https://www.the-numbers.com/movies/franchise/Cities-of-Love#tab=summary
Serbuan maut,Serbuan-maut,https://www.the-numbers.com/movies/franchise/Serbuan-maut#tab=summary
Ponniyin Selvan,Ponniyin-Selvan,https://www.the-numbers.com/movies/franchise/Ponniyin-Selvan#tab=summary
Snowman The,Snowman-The,https://www.the-numbers.com/movies/franchise/Snowman-The#tab=summary
2 Days In,2-Days-In,https://www.the-numbers.com/movies/franchise/2-Days-In#tab=summary
Way The,Way-The,https://www.the-numbers.com/movies/franchise/Way-The#tab=summary
Food Inc,Food-Inc,https://www.the-numbers.com/movies/franchise/Food-Inc#tab=summary
Goon,Goon,https://www.the-numbers.com/movies/franchise/Goon#tab=summary
Biggest Little Farm The,Biggest-Little-Farm-The,https://www.the-numbers.com/movies/franchise/Biggest-Little-Farm-The#tab=summary
Hello Love,Hello-Love,https://www.the-numbers.com/movies/franchise/Hello-Love#tab=summary
